{"id": "qywv-8sc2", "stats": {"page_views_last_week": 8952, "page_views_last_month": 31082, "page_views_total": 2020739, "page_views_last_week_log": 13.128155470939243, "page_views_last_month_log": 14.923838132852719, "page_views_total_log": 20.9464522775629, "download_count": 146288}}
{"id": "2hu7-5kjq", "stats": {"page_views_last_week": 923, "page_views_last_month": 3677, "page_views_total": 271347, "page_views_last_week_log": 9.851749041416058, "page_views_last_month_log": 11.84470576441194, "page_views_total_log": 18.049784749615316, "download_count": 44822}}
{"id": "3h5w-q8b7", "stats": {"page_views_last_week": 251, "page_views_last_month": 929, "page_views_total": 186349, "page_views_last_week_log": 7.977279923499917, "page_views_last_month_log": 9.861086905995393, "page_views_total_log": 17.507655293503575, "download_count": 30378}}
{"id": "jwgg-8gg4", "stats": {"page_views_last_week": 4197, "page_views_last_month": 20209, "page_views_total": 81162, "page_views_last_week_log": 12.035486451292154, "page_views_last_month_log": 14.302781701267097, "page_views_total_log": 16.30853457146922, "download_count": 64301}}
{"id": "vtp7-8wm8", "stats": {"page_views_last_week": 28, "page_views_last_month": 264, "page_views_total": 42978, "page_views_last_week_log": 4.857980995127573, "page_views_last_month_log": 8.049848549450562, "page_views_total_log": 15.391344295264785, "download_count": 720}}
{"id": "2z82-v8pm", "stats": {"page_views_last_week": 122, "page_views_last_month": 611, "page_views_total": 40484, "page_views_last_week_log": 6.94251450533924, "page_views_last_month_log": 9.257387842692651, "page_views_total_log": 15.305099857075371, "download_count": 8559}}
{"id": "479w-kw2x", "stats": {"page_views_last_week": 104, "page_views_last_month": 389, "page_views_total": 40393, "page_views_last_week_log": 6.714245517666122, "page_views_last_month_log": 8.60733031374961, "page_views_total_log": 15.30185339497469, "download_count": 23347}}
{"id": "7saa-4q7b", "stats": {"page_views_last_week": 186, "page_views_last_month": 775, "page_views_total": 33308, "page_views_last_week_log": 7.546894459887637, "page_views_last_month_log": 9.599912842187129, "page_views_total_log": 15.023624421742534, "download_count": 2310}}
{"id": "nd5q-spq9", "stats": {"page_views_last_week": 4, "page_views_last_month": 24, "page_views_total": 667, "page_views_last_week_log": 2.321928094887362, "page_views_last_month_log": 4.643856189774724, "page_views_total_log": 9.383704292474052, "download_count": 93}}
{"id": "nux7-cwab", "stats": {"page_views_last_week": 8, "page_views_last_month": 31, "page_views_total": 1731, "page_views_last_week_log": 3.1699250014423126, "page_views_last_month_log": 5.0, "page_views_total_log": 10.758223214726724, "download_count": 292}}
{"id": "p886-fnbd", "stats": {"page_views_last_week": 5, "page_views_last_month": 29, "page_views_total": 1528, "page_views_last_week_log": 2.584962500721156, "page_views_last_month_log": 4.906890595608519, "page_views_total_log": 10.578372691360805, "download_count": 223}}
{"id": "p9iq-sxk3", "stats": {"page_views_last_week": 30, "page_views_last_month": 157, "page_views_total": 11870, "page_views_last_week_log": 4.954196310386876, "page_views_last_month_log": 7.303780748177103, "page_views_total_log": 13.535153850693858, "download_count": 1389}}
{"id": "pw6d-chss", "stats": {"page_views_last_week": 19, "page_views_last_month": 57, "page_views_total": 3320, "page_views_last_week_log": 4.321928094887363, "page_views_last_month_log": 5.857980995127572, "page_views_total_log": 11.69740200750271, "download_count": 50}}
{"id": "qywv-8sc2", "stats": {"page_views_last_week": 8952, "page_views_last_month": 31082, "page_views_total": 2020739, "page_views_last_week_log": 13.128155470939243, "page_views_last_month_log": 14.923838132852719, "page_views_total_log": 20.9464522775629, "download_count": 146288}}
{"id": "reb4-ncxi", "stats": {"page_views_last_week": 3, "page_views_last_month": 28, "page_views_total": 721, "page_views_last_week_log": 2.0, "page_views_last_month_log": 4.857980995127573, "page_views_total_log": 9.49585502688717, "download_count": 122}}
{"id": "s2um-p6bp", "stats": {"page_views_last_week": 9, "page_views_last_month": 27, "page_views_total": 4353, "page_views_last_week_log": 3.3219280948873626, "page_views_last_month_log": 4.807354922057604, "page_views_total_log": 12.088125692188205, "download_count": 391}}
{"id": "ttqg-mpiz", "stats": {"page_views_last_week": 32, "page_views_last_month": 137, "page_views_total": 9144, "page_views_last_week_log": 5.044394119358453, "page_views_last_month_log": 7.10852445677817, "page_views_total_log": 13.158767454636079, "download_count": 1200}}
{"id": "u64p-38mb", "stats": {"page_views_last_week": 6, "page_views_last_month": 33, "page_views_total": 1907, "page_views_last_week_log": 2.807354922057604, "page_views_last_month_log": 5.08746284125034, "page_views_total_log": 10.897845456005511, "download_count": 257}}
{"id": "ucyr-mx6r", "stats": {"page_views_last_week": 12, "page_views_last_month": 38, "page_views_total": 1738, "page_views_last_week_log": 3.700439718141092, "page_views_last_month_log": 5.285402218862249, "page_views_total_log": 10.764042217306589, "download_count": 342}}
{"id": "ut4c-a9ss", "stats": {"page_views_last_week": 11, "page_views_last_month": 35, "page_views_total": 2040, "page_views_last_week_log": 3.5849625007211565, "page_views_last_month_log": 5.169925001442312, "page_views_total_log": 10.995060467032719, "download_count": 217}}
{"id": "vbx7-mn5i", "stats": {"page_views_last_week": 10, "page_views_last_month": 51, "page_views_total": 5606, "page_views_last_week_log": 3.4594316186372978, "page_views_last_month_log": 5.700439718141093, "page_views_total_log": 12.453013354466316, "download_count": 498}}
{"id": "vfe9-k7vc", "stats": {"page_views_last_week": 8, "page_views_last_month": 45, "page_views_total": 5355, "page_views_last_week_log": 3.1699250014423126, "page_views_last_month_log": 5.523561956057013, "page_views_total_log": 12.386940245324311, "download_count": 2827}}
{"id": "vk65-u7my", "stats": {"page_views_last_week": 10, "page_views_last_month": 33, "page_views_total": 3433, "page_views_last_week_log": 3.4594316186372978, "page_views_last_month_log": 5.08746284125034, "page_views_total_log": 11.745674324002135, "download_count": 701}}
{"id": "vn5u-d69i", "stats": {"page_views_last_week": 7, "page_views_last_month": 26, "page_views_total": 1186, "page_views_last_week_log": 3.0, "page_views_last_month_log": 4.754887502163469, "page_views_total_log": 10.213104219641908, "download_count": 227}}
{"id": "vpxc-b5te", "stats": {"page_views_last_week": 21, "page_views_last_month": 85, "page_views_total": 1567, "page_views_last_week_log": 4.459431618637297, "page_views_last_month_log": 6.426264754702098, "page_views_total_log": 10.61470984411521, "download_count": 200}}
{"id": "vtp7-8wm8", "stats": {"page_views_last_week": 28, "page_views_last_month": 264, "page_views_total": 42978, "page_views_last_week_log": 4.857980995127573, "page_views_last_month_log": 8.049848549450562, "page_views_total_log": 15.391344295264785, "download_count": 720}}
{"id": "vygj-v677", "stats": {"page_views_last_week": 6, "page_views_last_month": 30, "page_views_total": 2367, "page_views_last_week_log": 2.807354922057604, "page_views_last_month_log": 4.954196310386876, "page_views_total_log": 11.209453365628951, "download_count": 271}}
{"id": "wcm6-6umc", "stats": {"page_views_last_week": 22, "page_views_last_month": 89, "page_views_total": 8959, "page_views_last_week_log": 4.523561956057013, "page_views_last_month_log": 6.491853096329675, "page_views_total_log": 13.129283016944967, "download_count": 13043}}
{"id": "xbwj-ne6u", "stats": {"page_views_last_week": 6, "page_views_last_month": 37, "page_views_total": 434, "page_views_last_week_log": 2.807354922057604, "page_views_last_month_log": 5.247927513443585, "page_views_total_log": 8.76487159073609,