{"id": "9fxf-t2tr", "stats": {"page_views_last_week": 15518, "page_views_last_month": 71525, "page_views_total": 6904192, "page_views_last_week_log": 13.92174797692491, "page_views_last_month_log": 16.126180142457304, "page_views_total_log": 22.719041363541375, "download_count": 2935576}}
{"id": "qv6i-rri7", "stats": {"page_views_last_week": 552, "page_views_last_month": 2305, "page_views_total": 167847, "page_views_last_week_log": 9.111135670234708, "page_views_last_month_log": 11.171176797651773, "page_views_total_log": 17.356795821080425, "download_count": 20808}}
{"id": "4gmt-jyx2", "stats": {"page_views_last_week": 27, "page_views_last_month": 169, "page_views_total": 104528, "page_views_last_week_log": 4.807354922057604, "page_views_last_month_log": 7.409390936137703, "page_views_total_log": 16.673543726331154, "download_count": 7775}}
{"id": "jitt-qwwh", "stats": {"page_views_last_week": 183, "page_views_last_month": 855, "page_views_total": 102627, "page_views_last_week_log": 7.523561956057013, "page_views_last_month_log": 9.741466986401146, "page_views_total_log": 16.647064869612738, "download_count": 1532}}
{"id": "sdr7-6v3j", "stats": {"page_views_last_week": 825, "page_views_last_month": 3805, "page_views_total": 80908, "page_views_last_week_log": 9.689997971419444, "page_views_last_month_log": 11.894059846274022, "page_views_total_log": 16.304012570871976, "download_count": 30135}}
{"id": "dri5-wcct", "stats": {"page_views_last_week": 220, "page_views_last_month": 860, "page_views_total": 52649, "page_views_last_week_log": 7.787902559391432, "page_views_last_month_log": 9.749869427396844, "page_views_total_log": 15.68414591080044, "download_count": 16032}}
{"id": "7h2m-3um5", "stats": {"page_views_last_week": 25, "page_views_last_month": 99, "page_views_total": 40809, "page_views_last_week_log": 4.700439718141093, "page_views_last_month_log": 6.643856189774725, "page_views_total_log": 15.316635090145464, "download_count": 3058}}
{"id": "x9pz-kdq9", "stats": {"page_views_last_week": 81, "page_views_last_month": 495, "page_views_total": 31536, "page_views_last_week_log": 6.357552004618085, "page_views_last_month_log": 8.954196310386877, "page_views_total_log": 14.94475780787782, "download_count": 1592}}
{"id": "ndxz-gccx", "stats": {"page_views_last_week": 8, "page_views_last_month": 44, "page_views_total": 11686, "page_views_last_week_log": 3.1699250014423126, "page_views_last_month_log": 5.491853096329675, "page_views_total_log": 13.512617023655539, "download_count": 2200}}
{"id": "nr4f-efb3", "stats": {"page_views_last_week": 8, "page_views_last_month": 34, "page_views_total": 1007, "page_views_last_week_log": 3.1699250014423126, "page_views_last_month_log": 5.129283016944966, "page_views_total_log": 9.977279923499918, "download_count": 126}}
{"id": "nufk-2iqn", "stats": {"page_views_last_week": 1, "page_views_last_month": 23, "page_views_total": 131, "page_views_last_week_log": 1.0, "page_views_last_month_log": 4.584962500721157, "page_views_total_log": 7.044394119358453, "download_count": 21}}
{"id": "nxm4-jjm8", "stats": {"page_views_last_week": 2, "page_views_last_month": 9, "page_views_total": 161, "page_views_last_week_log": 1.5849625007211563, "page_views_last_month_log": 3.3219280948873626, "page_views_total_log": 7.339850002884624, "download_count": 34}}
{"id": "p2ba-5ceu", "stats": {"page_views_last_week": 1, "page_views_last_month": 8, "page_views_total": 596, "page_views_last_week_log": 1.0, "page_views_last_month_log": 3.1699250014423126, "page_views_total_log": 9.221587121264806, "download_count": 81}}
{"id": "p5f8-ffa7", "stats": {"page_views_last_week": 4, "page_views_last_month": 30, "page_views_total": 547, "page_views_last_week_log": 2.321928094887362, "page_views_last_month_log": 4.954196310386876, "page_views_total_log": 9.098032082960527, "download_count": 69}}
{"id": "pe63-26ny", "stats": {"page_views_last_week": 5, "page_views_last_month": 42, "page_views_total": 526, "page_views_last_week_log": 2.584962500721156, "page_views_last_month_log": 5.426264754702098, "page_views_total_log": 9.041659151637216, "download_count": 148}}
{"id": "qbym-cbdv", "stats": {"page_views_last_week": 1, "page_views_last_month": 8, "page_views_total": 227, "page_views_last_week_log": 1.0, "page_views_last_month_log": 3.1699250014423126, "page_views_total_log": 7.832890014164742, "download_count": 105}}
{"id": "qdir-nrtn", "stats": {"page_views_last_week": 11, "page_views_last_month": 31, "page_views_total": 532, "page_views_last_week_log": 3.5849625007211565, "page_views_last_month_log": 5.0, "page_views_total_log": 9.057991722759176, "download_count": 95}}
{"id": "qgg6-h4bd", "stats": {"page_views_last_week": 14, "page_views_last_month": 77, "page_views_total": 5102, "page_views_last_week_log": 3.9068905956085187, "page_views_last_month_log": 6.285402218862249, "page_views_total_log": 12.317129926384542, "download_count": 385}}
{"id": "qrgv-mijx", "stats": {"page_views_last_week": 12, "page_views_last_month": 40, "page_views_total": 2799, "page_views_last_week_log": 3.700439718141092, "page_views_last_month_log": 5.357552004618084, "page_views_total_log": 11.451211111832329, "download_count": 498}}
{"id": "qv6i-rri7", "stats": {"page_views_last_week": 552, "page_views_last_month": 2305, "page_views_total": 167847, "page_views_last_week_log": 9.111135670234708, "page_views_last_month_log": 11.171176797651773, "page_views_total_log": 17.356795821080425, "download_count": 20808}}
{"id": "qxre-q48d", "stats": {"page_views_last_week": 4, "page_views_last_month": 26, "page_views_total": 1077, "page_views_last_week_log": 2.321928094887362, "page_views_last_month_log": 4.754887502163469, "page_views_total_log": 10.074141462752506, "download_count": 158}}
{"id": "r24h-29gi", "stats": {"page_views_last_week": 2, "page_views_last_month": 15, "page_views_total": 282, "page_views_last_week_log": 1.5849625007211563, "page_views_last_month_log": 4.0, "page_views_total_log": 8.144658242831882, "download_count": 173}}
{"id": "r9m3-bnqj", "stats": {"page_views_last_week": 1, "page_views_last_month": 25, "page_views_total": 393, "page_views_last_week_log": 1.0, "page_views_last_month_log": 4.700439718141093, "page_views_total_log": 8.622051819456377, "download_count": 45}}
{"id": "rgsr-utra", "stats": {"page_views_last_week": 6, "page_views_last_month": 33, "page_views_total": 1426, "page_views_last_week_log": 2.807354922057604, "page_views_last_month_log": 5.08746284125034, "page_views_total_log": 10.478769619475765, "download_count": 171}}
{"id": "rjkn-q4kc", "stats": {"page_views_last_week": 2, "page_views_last_month": 28, "page_views_total": 1881, "page_views_last_week_log": 1.5849625007211563, "page_views_last_month_log": 4.857980995127573, "page_views_total_log": 10.878050912728536, "download_count": 222}}
{"id": "rtn4-pmj9", "stats": {"page_views_last_week": 12, "page_views_last_month": 36, "page_views_total": 2860, "page_views_last_week_log": 3.700439718141092, "page_views_last_month_log": 5.20945336562895, "page_views_total_log": 11.482303782323182, "download_count": 656}}
{"id": "rzm4-tcqx", "stats": {"page_views_last_week": 3, "page_views_last_month": 11, "page_views_total": 269, "page_views_last_week_log": 2.0, "page_views_last_month_log": 3.5849625007211565, "page_views_total_log": 8.076815597050832, "download_count": 38}}
{"id": "s3gf-a952", "stats": {"page_views_last_week": 1, "page_views_last_month": 10, "page_views_total": 277, "page_views_last_week_log": 1.0, "page_views_last_month_log": 3.4594316186372978, "page_views_total_log": 8.118941072723507, "download_count": 165}}
{"id": "s9uc-83fz", "stats": {"page_views_last_week": 1, "page_views_last_month": 19, "page_views_total": 156, "page_views_last_week_log": 1.0, "page_views_last_month_log": 4.321928094887363, "page_views_total_log": 7.294620748891627, "download_count": 27}}
{"id": "sdr7-6v3j", "stats": {"page_views_last_week": 825, "page_views_last_month": 3805,